title,content,rating,version,votecount,votesum,time,page
下载陌陌出现问题,什么垃圾软件！,1,9.2.7,0,0,2022-03-06T09:31:21-07:00,1
177,为什么我登录的时候接收不到验证码,5,9.2.7,0,0,2022-03-06T06:07:53-07:00,1
无聊,没什么意思,1,9.2.7,0,0,2022-03-06T04:01:22-07:00,1
垃圾软件,打招呼用不了，发信息别人看不到，别人给我发信息打招呼我回了别人也看不到，必须关注才能看,1,9.2.7,0,0,2022-03-06T01:53:09-07:00,1
垃圾，一颗星都不想给,垃圾,1,9.2.7,0,0,2022-03-06T01:14:18-07:00,1
女人个个是女王,垃圾,1,9.2.7,0,0,2022-03-05T23:08:23-07:00,1
卖淫嫖娼的APp,打开陌陌全是各种水会，按摩推油打飞机，半套全套加包夜。,1,9.2.7,0,0,2022-03-05T08:36:03-07:00,1
陌陌是什么？,我是被这句话洗脑才下的，后来发现不一样，还可以的聊聊天就是了。,5,9.2.7,0,0,2022-03-05T06:43:31-07:00,1
。。。。,小宇宙负能量太大，又不能关。,3,9.2.7,0,0,2022-03-05T01:38:07-07:00,1
你能不能把附近的人改回去,现在看附近的人越来越糟糕了。能不能改回去,1,9.2.7,0,0,2022-03-05T00:20:34-07:00,1
垃圾,垃圾软件全是营销号，动不动就封号,1,9.2.7,0,0,2022-03-04T22:06:13-07:00,1
好平台,挺好的,5,9.2.7,0,0,2022-03-04T21:46:38-07:00,1
附近人,就喜欢附近人聊聊天，解解闷，为什么要限流呢？,5,9.2.7,0,0,2022-03-04T18:58:23-07:00,1
值得拥有喜欢,每天来看看，陌陌是每个人心里最重要牵挂，他是心灵港湾！每个人都有自己独特生活方式，陌陌提供这样天地，他给我们带来惊喜，让我每天都开心快乐幸福生活！谢谢陌陌工作人员！,5,9.2.7,0,0,2022-03-04T15:15:48-07:00,1
封号问题太严重,动不动就封号 无缘无故就封号 叫人怎么玩,1,9.2.7,0,0,2022-03-04T08:23:12-07:00,1
垃圾软件,扰乱互联网，垃圾软件，赚些不干净的钱,1,9.2.7,0,0,2022-03-04T07:30:42-07:00,1
好评让你们看见,垃圾软件 体验感极差 什么都没有发布结果号给封了 充的会员直接黑了钱给我 其次申诉实名认证直接不受理 客服电话也没有 真的是黑啊 难怪上市 这种公司不赚钱都难 太漂亮了,5,9.2.7,0,0,2022-03-04T00:36:43-07:00,1
陌陌收发消息有问题,消息收发都有问题，做啥app,1,9.2.7,0,0,2022-03-04T00:21:15-07:00,1
没什么好说的，就是很垃圾。,没什么好说的，就是很垃圾。,1,9.2.7,0,0,2022-03-03T21:16:30-07:00,1
后台,后台一直耗电,1,9.2.7,0,0,2022-03-03T17:05:11-07:00,1
拉鸡东西,废渣,1,9.2.7,0,0,2022-03-03T11:41:26-07:00,1
好气哦,第一次下 就碰到拖 只能说自己太傻,1,9.2.7,0,0,2022-03-03T07:24:51-07:00,1
岩应蚌,评论666,5,9.2.7,0,0,2022-03-03T07:16:01-07:00,1
身份审核不严谨，应该实名认证才能社交,骗子超级多，人妖冒充女的找对象,1,9.2.7,0,0,2022-03-03T07:14:06-07:00,1
垃圾app,ios用户注意下会员三元别信你会付12，紧接着会提醒旗舰会员12你付款就是30，垃圾app,1,9.2.7,0,0,2022-03-03T06:09:08-07:00,1
号被封,号会莫名其妙被封,1,9.2.7,0,0,2022-03-03T03:05:34-07:00,1
动态,动态能不能设置年龄，距离啊,1,9.2.7,1,1,2022-03-02T10:11:26-07:00,1
系统自己发动态，没经过同意,万一哪天发个灭掉人类的信息那就完了,1,9.2.7,0,0,2022-03-02T06:43:29-07:00,1
系统敏感太好,到现在还没有在陌陌聊一个,5,9.2.7,0,0,2022-03-02T03:50:26-07:00,1
莫名其妙的被举报 莫名其妙的 限制发言 没啥意思,体验太差 莫名其妙的限制发言,1,9.2.7,0,0,2022-03-01T23:11:28-07:00,1
1,没以前好玩了,1,9.2.7,0,0,2022-03-01T22:26:22-07:00,1
垃圾,太差了，动不动就给你封号，都不知道原因,1,9.2.7,0,0,2022-03-01T21:31:47-07:00,1
垃圾,我新手机号码登陆，什么都没做就说我严重违规。封我号。垃圾软件。关门算了,1,9.2.6,0,0,2022-03-01T13:03:15-07:00,1
为什么把隐身模式弄成这样,以前可以把位置和隐身打开 现在只能对好友隐身 有什么意义呢 还有位置信息也是关不掉 无语,3,9.2.6,0,0,2022-03-01T10:28:35-07:00,1
恶意修改用户账户,看不到附近的人收不到别人消息1证据确凿，一边说账号正常一边有员工偷偷对账号修改动手了,1,9.2.6,0,0,2022-03-01T05:40:44-07:00,1
挺好的,做得越来越好支持也希望能受到广大网友的喜欢在业余的时间充实一也是不错的晚上地铁跑酷啊，放松一下心情建议大家载这个游戏说是真心不错的外面高清内容充实然后角色有挺多这游戏还是有独特的魅力的特别是各式各样的车子收集起来特别过瘾谁让我喜欢车呢希望这游戏能越做越好期待更多更靓的车子出现全球同步竞技特别刺激有趣味如果社交能支持微信朋友一起交流相信这游戏能有更多的朋友来一起参与最后希望这游戏能有更多有趣的活动祝我自己心愿能够实现家人身体健康心情愉快为什么我再重新下载之后云端保存的数据没有任何显示只给我留下了云端数据的代币代币车和卡片我辛辛苦苦手刷的数据一点都不保存然后就是单机重刷了段时间之后显示了云端和本地数我们可以尝试一下这款游戏真的是非常的不错比我玩我其他的棋牌游戏都好玩太多了真是特别特别的厉害怎么早上中午晚上组合挺自由挺练习和分享或者乐早上中午晚上组合挺自由挺练习和分享或者乐只新的成长体积店名功能开放共享你的精彩点多家出来露露更多哟优质口袋真钱棋牌服务等你将吃遍天下而且从第一代开始玩就等于这个版本的完全打不过下个版本组给我种不就别想继续玩的感觉。要知道王已经出了好多了。预约奖励之类的跟没有一样除了钻石能开包之外其他都是养成玩法实在太肝到了一定等级才会解锁某张而且想要的不在一个身上也就是需要肝数个才行我这一星就是给王这个名字的特色金系统多奖励减半是大家都知道的，如果就这一家有这也就忍了，但还有际服这个竞争对手，服唯一的优势就是好，所以王不要再走提前圈猪老路了，王这非常有潜力的如果这你都能经营黄了，那你可真厉害了，想提点小建议，中的不用让你比际服高差不多就行，这样亲民点才能大量引流际服和萌新，基数多了你害怕赚不到吗你这点可以学学的王者，人家可以一分为什么赚这么多，就是基数大，一人元也比你这扣等土豪金强，且看起来到现在一个神将吃遍天下而且从第一代开始玩就等于这个版本的完全打不过下个版本组，,5,9.2.6,1,1,2022-02-28T14:01:39-07:00,1
苹果版本的，附近的人栏，我想恢复竖排,怎么恢复，希望能恢复,5,9.2.6,0,0,2022-02-28T09:10:51-07:00,1
超级垃圾,基本都是机器人,1,9.2.6,0,0,2022-02-28T06:51:18-07:00,1
野鸡软件,野鸡软件,1,9.2.6,0,0,2022-02-28T02:04:02-07:00,1
垃圾垃圾垃圾，,总是弹出陌生人直播通知，还关不掉。投诉举报都找不到人，天天推送订阅消息，关键是你还没订阅，还关不掉,1,9.2.6,0,0,2022-02-27T19:48:08-07:00,1
这垃圾软件真的恶心,你,1,9.2.6,0,0,2022-02-27T14:00:15-07:00,1
越来越垃圾了,垃圾,1,9.2.6,0,0,2022-02-27T08:02:00-07:00,1
烂,烂,1,9.2.6,0,0,2022-02-27T06:27:28-07:00,1
字体大小，看不清楚,字体大小太小了，费眼睛，改变不了字体大小,1,9.2.6,0,0,2022-02-27T05:27:24-07:00,1
垃圾,垃圾软件都还没和别人聊天就被封了,1,9.2.6,0,0,2022-02-27T00:51:59-07:00,1
乱七八糟,这陌陌真是什么玩意都有，都已经把一些女的屏蔽掉了，还天天刷到那个人动态！,2,9.2.6,0,0,2022-02-27T00:02:48-07:00,1
注销麻烦,垃圾 ， 不能注销,1,9.2.6,0,0,2022-02-26T23:39:00-07:00,1
直播美颜功能,请陌陌叔叔大爷观摩其他平台的直播美颜功能，麻烦把人中，短脸，小脸，眼距，等功能加上，相信陌陌会更加完美。,5,9.2.6,0,0,2022-02-26T13:21:44-07:00,1
垃圾软件里面到处都是诱导消费的,里面坑多，大家注意，最好不要下载，客服不处理问题，我在里面被诱导消费1个半小时被诱导充了4400多，客服不处理。,1,9.2.6,0,0,2022-02-26T05:47:23-07:00,1
越来越垃圾,越更新越垃圾，小宇宙功能无用 还不让关闭！,1,9.2.6,0,0,2022-02-25T21:13:41-07:00,1
佤邦犯罪动态较多,佤邦一些不法分子常常发布卖核酸证明,2,9.2.6,0,0,2022-02-25T16:56:21-07:00,2
超好玩的陌陌,陌陌真是一款很好的社交软件，我超喜欢！,5,9.2.6,0,0,2022-02-25T15:43:46-07:00,2
垃圾软件,上面随便找个女的聊聊是鸡头，全是骗人的垃圾软件还不倒闭,1,9.2.6,0,0,2022-02-25T12:07:12-07:00,2
请求谅解,我的账号被终身冻结。因为我根本不知道，发招聘信息，会被封号，十分抱歉，我陈恳请求解除封印,5,9.2.6,0,0,2022-02-25T06:57:09-07:00,2
定位有问题,最新版本定位有问题,2,9.2.6,0,0,2022-02-25T03:17:31-07:00,2
一般,一般般,1,9.2.6,0,0,2022-02-25T01:31:04-07:00,2
拉胯,风气不行，全是按摩啥的，不然就是叫你刷礼物的,1,9.2.6,0,0,2022-02-25T00:30:18-07:00,2
懂得都懂 车牌号,让我再次振作起来，好好爱自己?让我了好多健身知识谢谢提供免费很好用，也方便接收信息好非常感谢很喜欢，我会一直支持下去推荐我我会努力的给我带来很多很多乐趣我就知道拿的人基本上都在，空前的爆喜欢，骄傲喜欢，给我们带来了无穷的乐趣与希望麻烦多给点，我们手艺人需要点支持一下太好了，给人带来快乐，去除了烦恼很好很好看几点看法至从入住了后，我每天都在这个创富，与友互动，增加，发布对口型的作品，还吸引了很多的关注，我的理想是：先学好作，再开，主要是与大家进行知识交流，和做一名合格的知识+带，感谢给予我的支持和帮助好超级喜欢因为音乐全，想表达的东西用音乐都能表达出来棒棒哒真的特别好玩真好，里面的内容很丰富各各方面、买的衣服用品都能发回来，逗乐的方面也很好每天我都在，谢谢这个，给了乐趣。哈哈哈哈哈点赞支持久久挺好，就是能多多送我上更好有意思视觉传达效果好好用尽在不言中好喜欢学无止境生活更快乐好喜欢每天必修而且我有什么上的问题，你们马上就回复我帮我做好，真的好棒哦我太喜欢你啦，么么哒好就是太多很好记录生活，记录着我的开心快乐，记录着孩子的点滴成长，感谢，在我累的时候推送出给我动力的，在我不开心的时候推送出的搞笑段子，给我的生活增添彩感谢有真好，可以看到别人也可以记录自己，给我推送太少了，点赞也少喜欢非常热爱的一款娱乐棒是个好，但是我们老想来创业难度系数还是蛮大的，我来了谢谢 感谢有您 让我们有机会积攒富 我会一如既往的更新作品 遵守规则 让我们的绿化 永远支持太强大了好好好非常好用记录美好生活很好最爱我爱 爱我 给我点我会让你们乐呵呵好写完了发不出去。很好 让我学到了很多见识了也很多非常喜欢，特别喜欢感谢为什么没把我的推荐出去浏览率那么低别人拍的很差内容也不好浏览率确很高很好娱乐休闲非常好所以爱认识很多漂亮的小放松心情一，妙音绕梁，玩一玩，乐趣无穷。好攒劲的很好斗感谢你有这么好的好的好评很好多多推我多点可以了解各个地方的风土人,5,9.2.6,0,0,2022-02-24T14:35:57-07:00,2
全部是色情拉客的，很多还骗人的,已经向网信办举办了,1,9.2.6,0,0,2022-02-24T11:18:36-07:00,2
恶心的约p软件,满屏都是露骨和x暗示，有关部门能不能管管，完完全全的约p软件,1,9.2.6,0,0,2022-02-24T03:23:47-07:00,2
附近的人改成这样太垃圾了，都好久不玩了,还是以前好，一拖下来都能看到。要是不改回去，迟早卸载,1,9.2.6,0,0,2022-02-24T02:46:56-07:00,2
社交,增加对社会的了解,5,9.2.6,0,0,2022-02-23T21:14:20-07:00,2
强制向用户推广功能,更新后出现一个生活页面，还不能关掉，太恶心了，里面都是垃圾短视频,2,9.2.6,0,0,2022-02-23T19:33:57-07:00,2
还不错,"主要是与大家进行知识交流，和做一名合格的知识+带，感谢给予我的支持和帮助好超级喜欢因为音乐全，想表达的东西用音乐都能表达出来棒棒哒真的特别好玩真好，里面的内容很丰富各各方面、买的衣服用品都能发回来，逗乐的方面也很好每天我都在，谢谢这个，给了乐趣。哈哈哈哈哈点赞支持久久挺好，中的不用让你比际服高差不多就行，这样亲民点才能大量引流际服和萌新，基数多了你害怕赚不到吗你这点可以学学的王者，人家可以一分不花为什么赚这么多，就是基数大，一人元也比你这扣等土豪金强，最后希望服王越来越好，不要变情节，统统舍弃，你这样还不如自己开发独立呢有谁见过场上只能放张片的吗哦，还要加上场地嗯见过甚至更少我懂了，你说的是“宇宙收缩”这张，每个人场上限制为个张，都赶上这张片效果了!而且吧!居然还没有第二阶段!次要阶段呢没看过王策划是最后希望服王越来越好，不要变成短命。用心做特效，用脚做,什么规则什么故事情节，统统舍弃，你这样还不如自己开发独立呢!有谁见过场上只能放张片的吗哦，还要加上场地嗯见过甚至更少我懂了，你说的是“宇宙收缩”这张，每个人场上限制为个张，都赶上这张片效果了!而且吧!居然还没有人人都有机会，有这样的一个我感到非常开心非常好真不错里的歌曲好听上挺好的，做人不要太膨胀天天带我很好，感谢很好用很好很棒的、信息和内容强大好好好解压又休闲的很好玩很好玩我喜欢好看感谢， 好反正现在是离不开了，缺一星是因为投了+没有效果炒鸡喜欢的一个知道，一直没有进来看，没想到内里乾坤，让我在这里快乐，增长我的见识，爱上你了，给大家带来了方便，可以更好认识五湖四海的朋友，更好展示每个人的才艺，可以把自己的一技之长给更多的人。让明天生活更加美好、快乐非常喜欢的一款大爱感谢给老一个娱乐是正能量的传递是一个可以让我随时自己内心的，可以宣泄自己的情绪，很好，我很喜欢每天都要一下才去入睡优秀里丰富多彩，可以结识四面八方的朋友，了解全各地风土人情，",5,9.2.6,0,0,2022-02-23T14:48:26-07:00,2
挺好的,"给我种不就别想继续玩的感觉。要知道王已经出了好多了。预约奖励之类的跟没有一样除了钻石能开包之外其他都是养成玩法实在太肝到了一定等级才会解锁某张而且想要的不在一个身上也是需要肝数个才行我这一星就是给王这个名字的。""特色金系统多奖励减半是大家都知道的，如果就这一家有这也就忍了，但还有际服这个竞争对手，服唯一的优势就是好，所以王不要再走提前圈猪老路了，王这非常有潜力的如果这你都能经营黄了，那你可真厉害了，想提点小建议，感谢就这。喜欢简简单单的快乐。生活的利器。很好，就是有点费时间使我有价值我就是一个服装的小，发了一下关于我们的衣服的吧，然后就，被号了，我就想说，你真的看得起我给我带来了欢乐，又给大家创造了副业。精神粮食，全民娱乐真好啊好亲爱的，这个真的很好，我也很喜欢玩，希望给我火一次吧，好让我有很多的信心去玩这个，让我把更好的带给大家，我爱你干就完了 没毛病道理娱乐休闲兼备，好爱爱生活好记录宝宝很棒上感谢，我生活的点点滴滴记录美好生活加油感谢，让我们相识在一起，来点，来点量，谢谢嘻嘻嘻嘻好好好，我爱，别限我流三十岁了又怎样四十岁了又何妨努力奋斗自我突破，寻找新的生机展现不一样的自我好一直都觉得是记录生活很好的另外给我带来了更多的惊喜和快乐喜欢本来非常喜欢里作品和文案，感谢给了大家这个能购物愉悦的为体，认识了好多朋友，谢谢感谢失恋的我从里找到了温暖，治愈我的文字，可爱的人和事，让我再次振作起来，好好爱自己?让我了好多健身知识谢谢提供免费很好用，也方便接收信息好非常感谢很喜欢，我会一直支持下去推荐我我会努力的给我带来很多很多乐趣我就知道拿的人基本上都在，空前的火爆喜欢，骄傲喜欢，给我们带来了无穷的乐趣与希望麻烦多给点，我们手艺人需要点支持一下太好了给人带来快乐，去除了烦恼很好很好看几点看法至从入住了后，我每天都在这个创富，与友互动，增加，发布对口型的作品，还吸引了很多的关注，我的理想是：先学好作，再开，",5,9.2.6,1,1,2022-02-23T14:48:19-07:00,2
懂得都懂 车牌号,做得越来越好支持，也希望能受到广大网友的喜欢。在业余的时间充实一也是不错的，晚上地铁跑酷啊放松一下心情，建议大家载这个游戏。说是真心不错的外面高清内容充实，然后角色有挺多这游戏还是有独特的魅力的，特别是各式各样的车子收集起来特别过瘾，谁让我喜欢车呢，希望这游戏能越做越好，期待更多更靓的车子出现全球同步竞技特别刺激，有趣味如果社交能支持微信朋友一起交流相信这游戏，能有更多的朋友来一起参与最后希望这游戏能有更多有趣的活动祝我自己心愿能够实现家人身体健康心情愉快，为什么我再重新下载之后云端保存的数据没有任何显示，只给我留下了云端数据，的代币代币车和卡片我辛辛苦苦手刷的数据-一点都不保存，然后就是单机重刷了-段时间之后显示了云端和本地数我们可以尝试一下这款游戏真的是非常的不错比我玩我其他的棋牌游戏都好玩太多了真是特别特别的厉害怎么早上中午晚上组合挺自由挺练习和分享或者乐早上中午晚上组合挺自由挺练习和分享或者乐只新的成长体积店名功能开放共享你的精彩点多家出来露露更多哟优质口袋真钱棋牌服务等你将吃遍天下而且从第一代开始玩就等于这个版本的完全打不过下个版本组，给我种不就别想继续玩的感觉。要知道王已经出了好多了。预约奖励之类的跟没有一样除了钻石能开包之外其他都是养成玩法实在太肝到了一定等级才会解锁某张而且想要的不在一个身上也就是需要肝数个才行我这一星就是给王这个名字的特色金系统多奖励减半是大家都知道的，如果就这一家有这也就忍了，但还有际服这个竞争对手，服唯一的优势就是好，所以王不要再走提前圈猪老路了，王这非常有潜力的如果这你都能经营黄了，那你可真厉害了，想提点小建议，中的不用让你比际服高差不多就行，这样亲民点才能大量引流际服和萌新，基数多了你害怕赚不到吗你这点可以学学的王者，人家可以一分为什么赚这么多，就是基数大，一人元也比你这扣等土豪金强，且看起来到现在一个神将吃遍天下而且从第一代开始玩就等于这个版本的完全打不过下个版本组，,5,9.2.6,0,0,2022-02-23T14:48:07-07:00,2
喜欢,很不错喜欢来去爬山加油非常好好爱让我心情释放。超级超级给力无敌给力每天有陪伴很开心，感谢就这。喜欢简简单单的快乐。生活的利器。很好，就是有点费时间使我有价值我就是一个服装的小，发了一下关于我们的衣服的吧，然后就，被号了，我就想说，你真的看得起我给我带来了欢乐，又给大家创造了副业。精神粮食，全民娱乐真好啊好亲爱的，这个真的很好，我也很喜欢玩，希望给我火一次吧，好让我有很多的信心去玩这个，让我把更好的带给大家，我爱你干就完了 没毛病道理娱乐休闲兼备，好爱爱生活好记录宝宝很棒上感谢，我生活的点点滴滴记录美好生活加油感谢，让我们相识在一起，来点，来点量，谢谢嘻嘻嘻嘻好好好，我爱，别限我流三十岁了又怎样四十岁了又何妨努力奋斗自我突破，寻找新的生机展现不一样的自我好一直都觉得是记录生活很好的，另外给我带来了更多的惊喜和快乐喜欢本来非常喜欢里作品和文案，感谢给了大家这个能购物，愉悦的为体，认识了好多朋友，谢谢感谢失恋的我从里找到了温暖，治愈我的文字，可爱的人和事，让我再次振作起来，好好爱自己?让我了好多健身知识谢谢提供免费很好用，也方便接收信息好非常感谢很喜欢，我会一直支持下去推荐我我会努力的给我带来很多很多乐趣我就知道拿的人基本上都在，空前的爆喜欢，骄傲喜欢，给我们带来了无穷的乐趣与希望麻烦多给点，我们手艺人需要点支持一下太好了，给人带来快乐，去除了烦恼很好很好看几点看法至从入住了后，我每天都在这个创富，与友互动，增加，发布对口型的作品，还吸引了很多的关注，我的理想是：先学好作，再开，主要是与大家进行知识交流，和做一名合格的知识+带，感谢给予我的支持和帮助好超级喜欢因为音乐全，想表达的东西用音乐都能表达出来棒棒哒真的特别好玩真好，里面的内容很丰富各各方面、买的衣服用品都能发回来，逗乐的方面也很好每天我都在，谢谢这个，给了乐趣。哈哈哈哈哈点赞支持久久挺好，就是能多多送我上更好有意思视觉传达效果好好用尽在不言中好,5,9.2.6,0,0,2022-02-23T14:47:54-07:00,2
垃圾软件，低俗人的地方，正常人别下载,垃圾软件，是正常人就别下载，都是一些低俗的人,1,9.2.6,0,0,2022-02-23T07:35:28-07:00,2
反应问题,规矩太多都有点无语了、电商、跟放电影有冲突吗还封号！,4,9.2.6,0,0,2022-02-23T04:27:51-07:00,2
注销极慢,比不上soul，想注销账号，快三个星期了，还没审核完，注销个账号这么难吗？会员之上还有会员，垃圾推送，不可能再用了。,1,9.2.6,0,0,2022-02-23T03:03:20-07:00,2
差,实话实说 这个软件不行 玩了几天了 就没有妹子回你消息 是不是都是机器人,1,9.2.6,0,0,2022-02-23T02:24:57-07:00,2
骗子多,现在的MOMO 跟原来没法比了 整的都没人爱玩了,2,9.2.6,0,0,2022-02-23T01:47:27-07:00,2
开好了,太好了,5,9.2.6,0,0,2022-02-23T01:21:30-07:00,2
陌陌色情软件,举报陌陌，陌陌里面全部是约跑女，已经举报这个软件了，也公布网络,5,9.2.6,0,0,2022-02-22T23:56:22-07:00,2
没有人,没有真人,2,9.2.5,0,0,2022-02-22T03:29:34-07:00,2
超级垃圾,做小姐做鸡的太多,1,9.2.5,0,0,2022-02-22T01:58:48-07:00,2
垃圾,今晚,1,9.2.5,0,0,2022-02-22T00:01:15-07:00,2
真是垃圾,回都不回,1,9.2.5,0,0,2022-02-21T20:43:50-07:00,2
麻烦把原来的隐身模式还给用户,"11年有momo就开始玩，算老用户了吧，现在开启隐身跟没开一样，手机位置权限关闭，还是会出现在附近人，真的是！！！
强烈要求还原以前的隐身模式！！！",1,9.2.5,0,0,2022-02-21T20:36:29-07:00,2
这个软不错，,希望不要败风习俗,5,9.2.5,0,0,2022-02-21T18:10:09-07:00,2
好,好,5,9.2.5,0,0,2022-02-21T17:19:25-07:00,2
这是一个好平台，让人们释放心情……,陌陌上有许多感情丰富的人,5,9.2.5,0,0,2022-02-21T13:43:58-07:00,2
流氓软件,非常恶心的app，注销繁琐审核时间长，有几分钱的礼物就要等好几天，用户更是各种流氓奇葩,1,9.2.5,0,0,2022-02-21T10:23:10-07:00,2
陌陌好平台,陌陌很好,5,9.2.5,0,0,2022-02-20T20:55:49-07:00,2
被诈骗,一点不好，被诈骗聊天记录都找不出来，也没人回应,1,9.2.5,0,0,2022-02-20T18:59:51-07:00,2
陌陌上发一条信息需要1 天时间，陌陌太烂了,陌陌太垃圾了，早晚会破产的,1,9.2.5,0,0,2022-02-20T17:13:39-07:00,2
用后感,注册陌陌有几年了，总的来说陌陌帮我认识了很多人。但是很多熟悉的主播的离开会让我有点空落落的感觉，期待在陌陌重新开始，大家一起加油！,4,9.2.5,0,0,2022-02-20T16:44:01-07:00,2
给陌陌大家庭的评价,陌是我觉得最好的交友软件，没有之一,5,9.2.5,0,0,2022-02-20T07:53:29-07:00,2
附近人列表怎么给更新没了,如标题,1,9.2.5,0,0,2022-02-20T07:27:49-07:00,2
陌陌上的交友质量不好,陌陌的交友质量不好 很多心思不纯的人,3,9.2.5,0,0,2022-02-20T04:55:12-07:00,2
没客服,垃圾，超级垃圾,1,9.2.5,0,0,2022-02-20T02:47:02-07:00,2
感谢,感谢陌陌让我们相识相知相爱相守相伴一生。,5,9.2.5,0,0,2022-02-20T01:31:44-07:00,2
垃圾,垃圾软件，都没人聊，啥玩意都是充钱,1,9.2.5,0,0,2022-02-19T22:51:59-07:00,2
正经人谁玩这个,都是一些寂寞扫货在上面逛,1,9.2.5,0,0,2022-02-19T18:18:08-07:00,2
交友的好平台,害人之心不可有 防人之心不可无，自己增强辨别能力,5,9.2.5,0,0,2022-02-19T17:18:51-07:00,2
不出现附近人,"居然取消了出现在附近人 不习惯
小宇宙没接收到电波也扣流光",1,9.2.5,0,0,2022-02-19T12:42:15-07:00,2
VIP免广告形同虚设.不断不主播在主业.关注朋友里看动态也一样,如题,3,9.2.5,0,0,2022-02-19T07:03:45-07:00,2
换新手机后不让登录,需要旧设备登录,1,9.2.5,0,0,2022-02-19T05:24:56-07:00,2
这到底是一个相亲的软件还是一个骗钱骗色的软件,这个上面的渣女渣男都很多 有些人为了骗钱不惜男扮女 还有些人可以说是不男不女的为了骗钱 什么招都使得出来 我不知道这个陌陌的最初设计理念是什么 真的是一个找对象招亲的正规交往平台吗 我在陌陌里已经被骗了一千五百元了,1,9.2.5,0,0,2022-02-19T02:26:25-07:00,2
陌陌,很好，很好，很好,5,9.2.5,0,0,2022-02-19T01:59:44-07:00,2
没啥意思……,和女的打招呼都没人回应,1,9.2.5,0,0,2022-02-19T00:12:04-07:00,3
色情,处罚力度不够,1,9.2.5,0,0,2022-02-18T23:50:12-07:00,3
垃圾,垃圾中的战斗机,1,9.2.5,0,0,2022-02-18T23:42:16-07:00,3
消息提示有问题，点进去消息提醒还在推出后再次进去为读提醒才会消失,为读消息提醒,4,9.2.5,0,0,2022-02-18T23:41:29-07:00,3
各行各业优秀人才都能遇见,社交媒体作用很大,5,9.2.5,0,0,2022-02-18T22:36:09-07:00,3
害了多少家庭,陌陌希望你这个平台，下架，你们这个平台直播各种妖艳的舞色女人，举报也不够处理。很多男人在这个平台找了不少女人，我是举报一次，你们都不给处理，人渣都在陌陌,1,9.2.5,0,0,2022-02-18T21:36:39-07:00,3
功能异常,找客户只会给你说官话，客户要的解决办法不是话疗,1,9.2.5,0,0,2022-02-18T19:22:25-07:00,3
优质平台,提供多姿多彩的活动项目。,5,9.2.5,0,0,2022-02-18T17:56:59-07:00,3
今非昔比,人怎么越来越少不言自明了吧,1,9.2.5,0,0,2022-02-18T15:12:39-07:00,3
养眼App,压根没人跟你聊天,1,9.2.5,0,0,2022-02-18T10:49:37-07:00,3
交友的太少了,全部都是说来玩的,1,9.2.5,0,0,2022-02-18T05:45:47-07:00,3
这软件  真的不懂为什么还有人在玩  一星都不想给,有点什么问题  客服什么也解决不了  退个工会费死劲,1,9.2.5,0,0,2022-02-18T02:09:15-07:00,3
越做越好,很好的一个交友平台,5,9.2.5,0,0,2022-02-18T00:41:44-07:00,3
爱的前提,爱的前提是你拥有爱人之心，只要付出爱才能拥有爱，爱的另一个名字叫付出,5,9.2.5,0,0,2022-02-17T20:16:38-07:00,3
会员管制,会员用的气泡就两个，还是特别丑的，那些好看的气泡全要在花钱充，那以前的会员有啥用？我开这个会员有啥效益？,1,9.2.5,0,0,2022-02-17T19:22:24-07:00,3
垃圾,现在下载都要收钱了，想钱想疯了吧，上面全是一些搞黄的,1,9.2.5,0,0,2022-02-17T18:56:13-07:00,3
附近人和打招呼记录,"哪个S,B设计的附近人那么麻烦和打招呼记录不能全部删除",1,9.2.5,0,0,2022-02-17T16:16:29-07:00,3
差评必须差评差评必须差评差评必须差评差评必须差评,差评必须差评差评必须差评差评必须差评差评必须差评,1,9.2.5,0,0,2022-02-17T07:16:31-07:00,3
和家鲜,好多美女，等着我,5,9.2.5,0,0,2022-02-17T06:43:51-07:00,3
垃圾软件,除了漏大腿就是漏胸的，没什么正经人，大多数是现实已婚的少妇,1,9.2.5,0,0,2022-02-17T04:58:44-07:00,3
比较垃圾,上面全都是卖酒，卖各种东西的，,1,9.2.5,0,0,2022-02-17T03:54:21-07:00,3
越来越烂了！,我是最早的一批玩陌陌的用户了，但是这么多年下来陌陌已经完全变了味道，最初是真的社交软件，现在？呵呵，打开一看，目光所及感觉全是骗子，照片几乎全是网图的即视感，完全不接地气，越来越垃圾！,1,9.2.5,0,0,2022-02-17T01:35:41-07:00,3
垃圾,垃圾眼睛都是骗钱的,1,9.2.5,0,0,2022-02-17T00:28:09-07:00,3
申诉 投诉,就跟有大病一样，我的号莫名其妙被永久冻结封号，刚抽奖升的财富值十九级  我都不知道为啥，就封号  八年的号，说封就封？申诉，投诉 都找不到地方？是不是有病   把我的号还给我 120905866,1,9.2.5,0,0,2022-02-16T17:41:36-07:00,3
你看看,什么样子的垃圾软件,1,9.2.5,0,0,2022-02-16T12:05:50-07:00,3
体验很差,头一次见注销要半个月长的时间，体验很差劲,1,9.2.5,0,0,2022-02-16T10:05:04-07:00,3
基本上都是酒吧放台的会锁的还有那些什么的。,正常交友的没多少了。都是各种做酒吧的搞那些什么的，好无语。,2,9.2.5,0,0,2022-02-16T06:17:31-07:00,3
商业化,按摩、洗浴、直播、乱七八糟,3,9.2.5,0,0,2022-02-16T05:51:21-07:00,3
小心酒托,小心酒托,1,9.2.5,0,0,2022-02-16T04:23:40-07:00,3
.,懂得都懂😅,1,9.2.5,0,0,2022-02-16T03:08:08-07:00,3
陌陌APP乱封号,太差劲了，正常聊天都会被封号，而且申诉还没用陌陌APP乱封号,1,9.2.5,0,0,2022-02-16T00:52:31-07:00,3
不科学,自从换了新手机，之前绑的手机号没绑了，明明知道账号和密码就是不给上，我相信不止我一个用户遇到这样的问题,5,9.2.5,0,0,2022-02-16T00:14:07-07:00,3
为什么登不上.好像网络出现问题：这是什么鬼,为什么为什么,2,9.2.5,0,0,2022-02-15T23:51:19-07:00,3
没有人工客服,莫名其妙就被封号，没有说明原因，没有给出具体违规问题，找不到客服，办的会员打水漂。人工客服呢,1,9.2.3,0,0,2022-02-15T18:47:24-07:00,3
骗子,里面全是主播跟机器人,1,9.2.3,0,0,2022-02-15T16:33:22-07:00,3
千万不要下载注册,一旦你玩了这个东西，你根本就清除不了你玩这种低俗交友软件的记录，因为你的账号根本就注销不了，搞的妻离子散,1,9.2.3,0,0,2022-02-15T07:33:26-07:00,3
垃圾,乱封号,1,9.2.3,0,0,2022-02-15T06:45:52-07:00,3
都是些等着骗礼物的人吧亲亲亲亲亲,都是些等着骗礼物的人啊,1,9.2.3,0,0,2022-02-14T23:48:08-07:00,3
关于陌陌,关于陌陌各种搔首弄姿，卖弄风情似露非露简直就是一个网络上的妓院,1,9.2.3,0,0,2022-02-14T22:29:06-07:00,3
垃圾软件,什么话没说，没涉黄，说我低俗，没充钱就会随便封你的号，充的钱多就会给你解封，千万别去玩，迟早倒闭。,1,9.2.3,0,0,2022-02-14T22:12:07-07:00,3
系统推送,什么垃圾客服，我各种都关闭消息通知了，各种官方推荐，消息也开启拦截了，还是推送垃圾系统,1,9.2.3,0,0,2022-02-14T20:41:16-07:00,3
陌陌永久封禁的号把个人信息也一起消除,陌陌永久封禁的号把个人信息也一起消除，这样方便更多人注册陌陌软件，有些时候不知道原因就是莫名其妙被封了，不能发出去的敏感词为什么要让发出去呢？直接屏蔽不给发送岂不是更好,4,9.2.3,0,0,2022-02-14T18:07:35-07:00,3
垃圾,垃圾流氓软件,1,9.2.3,0,0,2022-02-14T05:45:39-07:00,3
恶心,全是约 p男,1,9.2.3,0,0,2022-02-14T02:18:40-07:00,3
陌陌现在全是广告,陌陌上现在全是广告官方能不能控制下,1,9.2.3,0,0,2022-02-13T23:10:02-07:00,3
骗子软件,垃圾，就是一群男的天天在哪骚扰女的,1,9.2.3,0,0,2022-02-13T22:13:17-07:00,3
垃圾,莫名其妙就违规，还申诉不了，身份证解封过就再也绑定不了，太垃圾了，用了好多年的号也不记得了，找不见了,1,9.2.3,0,0,2022-02-13T21:22:42-07:00,3
陌陌,不正经的人太多，而且跳舞的有些太色情了。,1,9.2.3,0,0,2022-02-13T20:07:38-07:00,3
建议,陌陌感觉需要转型，感觉跟不上时代转换的脚步了，比如感觉到这里的粉丝不值钱，因为流量变不了现，所以玩家感觉不到自己的存在！,5,9.2.3,0,0,2022-02-13T19:36:06-07:00,3
lj,陌陌现在真的变垃圾了 要不然就是回复消息对方看不见 要不然就是刷到十天半个月前的动态 现在又多了一项 刷附近的动态 刷十个动态 有八个是好几千公里以外的地方  一点都不像14.15年那时候陌陌的人  垃圾 卸了 以前觉得某探不如你 现在还是去某探看吧,1,9.2.3,0,0,2022-02-13T18:57:19-07:00,3
赶紧还原到之前那个附近人模式,这个都找不到附近人？,1,9.2.3,0,0,2022-02-13T10:18:04-07:00,4
交友太难了,cd太多 这里不行了,3,9.2.3,0,0,2022-02-13T05:30:03-07:00,4
太差了,这软件不是技师一窝的软件？,1,9.2.3,0,0,2022-02-13T04:50:33-07:00,4
管理员,骗子挺多,1,9.2.3,0,0,2022-02-13T04:22:16-07:00,4
发消息给陌生人,永远会出现给陌生人发消息别人收不到,1,9.2.3,0,0,2022-02-13T01:51:21-07:00,4
一般,骗子太多，直播刷礼物太多，打招呼不会，老骗充值,2,9.2.3,0,0,2022-02-13T00:18:04-07:00,4
辣酱,垃圾,1,9.2.3,0,0,2022-02-12T22:43:00-07:00,4
附近的人,现在附近的人功能，就是浪费我们的流量，差评,1,9.2.3,0,0,2022-02-12T19:42:37-07:00,4
害了多少良家，下地狱的app,害了多少良家，下地狱的app,1,9.2.3,0,0,2022-02-12T06:45:01-07:00,4
垃圾app,垃圾app,1,9.2.3,0,0,2022-02-12T06:41:19-07:00,4
差！,特别差！乱扣费！欺诈消费者,1,9.2.3,0,0,2022-02-12T04:22:31-07:00,4
哭,有点敏感,4,9.2.3,0,0,2022-02-12T00:29:46-07:00,4
乱封号,转发一个笑话都被封号，还申诉失败,1,9.2.3,0,0,2022-02-11T21:14:06-07:00,4
雷总,现实的社会.相信任何感情,5,9.2.3,0,0,2022-02-11T19:39:19-07:00,4
关注的好友突然没了,一打开啥都没有了，就关注了官方一个,1,9.2.3,0,0,2022-02-11T06:03:21-07:00,4
好垃圾的软件,没见过聊天软件这么多广告的比快手还要垃圾，见意你们要向qq微信这些软件学习，查看谁访问我的朋友圈都要开通会员才能，有你们这样收费的吗最基本的功能，都要花钱看，在说了你们这软件什么功能都没有，这是我见过最垃圾的软件，所以说我也很少玩这个，现在撤底的卸载了，在也不用,1,9.2.3,0,0,2022-02-10T21:11:00-07:00,4
限制太多,把我的号限制一年多不让我抢直播间红包🧧,1,9.2.3,0,0,2022-02-10T05:06:54-07:00,4
服,里面一半是营销 一半是🍵,1,9.2.3,0,0,2022-02-10T03:36:44-07:00,4
把那些骗子筛选下会更好,虚假的太多了,4,9.2.3,0,0,2022-02-10T02:32:34-07:00,4
体验最烂的app之一,无尽的推广。 真恶心,1,9.2.3,0,0,2022-02-10T00:12:00-07:00,4
越来越差了,充会员跟不冲会员有什么区别？老是显示网络有问题，就连wiff都显示网络问题。越来越垃圾了,5,9.2.3,0,0,2022-02-09T22:29:19-07:00,4
骗子一群,全是骗子,2,9.2.3,0,0,2022-02-09T19:33:44-07:00,4
里面的内容都是骗感情骗钱的，特别是缘分交友里面的骗子特别猖狂,这软件不值得使用，千万别下载,5,9.2.3,0,0,2022-02-09T08:08:09-07:00,4
陌陌没有了初心,陌陌现在感觉就是一个招嫖平台，只要是女的，大部分是足浴按摩，夜总会的，或者就是小姐,1,9.2.3,0,0,2022-02-08T21:58:50-07:00,4
好,渣男必须,5,9.2.3,0,0,2022-02-08T19:58:15-07:00,4
不收费,希望无会员制，现在会员的不同待遇一律免费对待。以及能及时对待和处理用户反馈的问题,3,9.2.3,0,0,2022-02-08T17:59:08-07:00,4
自从有了陌陌感觉让陌生的人之间没有距离了。,这是一个不错的交友软件,5,9.2.3,0,0,2022-02-08T16:11:47-07:00,4
？审核瞎还是锅男？,附近一大把机器人加你发色图举报不了你举报别人不成功是吧恶心哦🙄,1,9.2.3,0,0,2022-02-08T02:42:24-07:00,4
陌陌诈骗太多，新手不建议下载！,陌陌诈骗太多，官方不管不问，举报里面根本没有举报骗钱的选项，陌陌官方只顾着挣钱，把客户隐私随意透露，这软件真的不适合用，说一句假话天打雷劈！,1,9.2.3,0,0,2022-02-07T12:04:53-07:00,4
垃圾,年会关闭不了官方广告，客服说的。会大半夜给你推擦边球直播通知，客服说这是个性化推送，同样关不掉。附近动态里面长期被各种官方推荐的擦边球直播占领，同样关不掉，客服说的。,1,9.2.3,0,0,2022-02-07T09:11:03-07:00,4
地球上线,作为新时代的a国人的我居然现在才知道陌陌是什么！不管了先给个五星好评！,5,9.2.3,1,0,2022-02-07T03:40:02-07:00,4
垃圾,垃圾,1,9.2.3,0,0,2022-02-07T02:17:45-07:00,4
这怎么用,最近几天，点进去卡在那里，接着闪退，关机开起来，在点进去还是闪退，苹果得陌陌，出了bug就没见过处理一下，,1,9.2.3,0,0,2022-02-06T20:35:34-07:00,4
难绑定,一直要手机号码绑定，却一直是错误号码，能通过网络微信什么的绑定啊,1,9.2.3,0,0,2022-02-06T17:37:46-07:00,4
好,很好玩的软件,5,9.2.3,0,0,2022-02-06T17:00:35-07:00,4
垃圾陌陌,老子一句么么把老子给封了，什么情况。,1,9.2.3,1,1,2022-02-06T07:53:03-07:00,4
陌生友情啊,陌生友情啊,5,9.2.3,0,0,2022-02-06T07:10:49-07:00,4
太难用了,太难用了，还想收费？,1,9.2.3,0,0,2022-02-06T04:46:13-07:00,4
评论马到成功,这个平台很好，不过还是有没有正能量，没素质的人在污染的因素,5,9.2.3,0,0,2022-02-06T01:45:42-07:00,4
太好的APP,我喜欢的,5,9.2.3,0,0,2022-02-05T06:25:08-07:00,4
功能太复杂,功能胎太复杂，而且会推送大量你不感兴趣的人，加大客户的筛选难度,1,9.2.3,0,0,2022-02-05T05:01:45-07:00,4
没有附近人板块,之前有后来就不能搜附近人了！,1,9.2.3,0,0,2022-02-04T11:23:12-07:00,4
怎么样才能解封？,我的号被冻结了怎么样解封？,1,9.2.3,0,0,2022-02-04T08:03:23-07:00,4
垃圾,纯是卖的平台！不知道国家怎么允许承在的,1,9.2.3,0,0,2022-02-04T03:47:25-07:00,4
陌陌用户素质低下,陌陌上大部分用户素质低下,1,9.2.3,0,0,2022-02-04T01:48:50-07:00,4
骗子太多,垃圾骗子多,1,9.2.3,0,0,2022-02-04T01:40:07-07:00,4
新版的附近的人一点也不好用,新版的附近的人能不能改回来，真无语死了，太难用了,3,9.2.3,0,0,2022-02-04T01:08:11-07:00,4
好棒,非常棒的社交软件 66666666,5,9.2.3,0,0,2022-02-03T22:03:15-07:00,4
体验很差劲,越来越垃圾了,1,9.2.3,0,0,2022-02-03T06:42:52-07:00,4
不分青红皂白就封号，也不说明为什么封号？估计越来越少的人玩了。,不分青红皂白就封号，也不说明为什么封号？估计越来越少的人玩了。,1,9.2.3,1,0,2022-02-03T06:42:42-07:00,4
感谢陌陌,陌陌给我带来了方便的条件聊天感谢陌陌官方大大,5,9.2.3,0,0,2022-02-03T03:16:21-07:00,5
娱乐圈,心情舒畅园地,5,9.2.3,0,0,2022-02-03T01:24:53-07:00,5
MOMO是最好的,MOMO是最好的聊天社交软件。 没有之一,5,9.2.3,0,0,2022-02-03T01:21:01-07:00,5
服务,要向qq和微信学习。还收老子的钱，就这吊服务。,5,9.2.3,0,0,2022-02-03T00:38:56-07:00,5
n*,你们又骗我下载无聊软件！,5,9.2.3,0,0,2022-02-03T00:19:36-07:00,5
差,很差！充满金钱味！,1,9.2.3,0,0,2022-02-02T20:50:38-07:00,5
1,发消息给别人别人都收不到，别人亲口说的没收到，只能通过动态评论聊天！什么软件啊,1,9.2.3,0,0,2022-02-02T18:40:31-07:00,5
不好,不好,1,9.2.3,0,0,2022-02-02T13:43:03-07:00,5
好好好,好好好,5,9.2.3,0,0,2022-02-02T07:31:37-07:00,5
想注销都不行,不停有人送礼物。,1,9.2.3,0,0,2022-02-02T04:21:36-07:00,5
垃圾 软件,垃圾 里面都是骗子,2,9.2.3,0,0,2022-02-02T02:12:38-07:00,5
莫名其妙被封号。,"因为发了一条招聘的动态，结果被封号了，我是真的招聘，可以提供营业执照验证。
我真的不知道陌陌不能发这种动态，不知道这些提示在什么位置，从去年封了以后，每个月只能申诉一次，结果每次都是秒拒，我怀疑根本没有客服审核。
起码给一次机会，毕竟这个号用了快十年了，自己的号以为没事结果不知道触发了条款被封了，骗子确实多，但是正儿八经的也不少，毕竟陌陌这个距离作用是很大的。
其他社交软件犯了错，会给机会，毕竟服务条款没人看，提醒的也不到位，一样多给一次机会。
毕竟那个号用了快十年了，失去觉得挺可惜的！

虎年新气象，希望陌陌完善更多的功能，希望给账号多一次改过的机会。",5,9.2.3,0,0,2022-02-02T01:56:02-07:00,5
相比起来，我最爱的一个app,比起其他app比较良心，比较真实，比较喜欢，希望陌陌能够越来越好，能够真实听到玩家的声音，不乱收费，匹配人广，爱了爱了,5,9.2.3,0,0,2022-02-01T23:49:15-07:00,5
陌陌软件,垃圾软件。封永久了 解不开。申诉不了 大家可别下载了,1,9.2.3,1,0,2022-02-01T21:06:12-07:00,5
好,"很好用
实用性强",5,9.2.3,0,0,2022-02-01T18:10:46-07:00,5
根本没人聊天,根本没人聊天,1,9.2.3,0,0,2022-02-01T18:05:05-07:00,5
最垃圾软件,垃圾玩意儿,1,9.2.3,0,0,2022-02-01T16:21:07-07:00,5
陌陌这个软件太差了,已经成为男性约p圣地，平台审核不严格，软件本身也没有设置打招呼关闭功能，整体缺点大过优点。,1,9.2.3,0,0,2022-02-01T09:29:00-07:00,5
功能,没有啥用了，还是当初的版本好玩，没有直播啥的就挺好，非得弄个直播真没劲儿，整得快成直播平台了，才发现玩陌陌的越来越少了,1,9.2.3,0,0,2022-01-31T22:41:02-07:00,5
消息,消息发出去对方看不到很头痛,3,9.2.3,0,0,2022-01-31T13:23:03-07:00,5
动态老是发布失败,程序员能不能自己多测试几次啊？老是发布动态失败！,1,9.2.3,0,0,2022-01-31T00:04:06-07:00,5
啥情况,登陆不了,1,9.2.3,0,0,2022-01-30T19:26:49-07:00,5
。,有时候发出去的信息对方看不到就很烦,1,9.2.3,0,0,2022-01-30T10:20:45-07:00,5
陌陌会无缘无故持号,我玩陌陌都是玩停车跟庄园，都不找人聊天的，也不发朋友圈，然而我的陌陌号无缘无故就被永久封号了，我莫名其妙，也找不到人工客服。所以准备为陌陌游戏花钱的人千万不要再玩了，你花了钱把号养起来它就给你封了。,1,9.2.3,0,0,2022-01-30T04:16:31-07:00,5
状态,账号异常可以检查一下吗,1,9.2.3,0,0,2022-01-30T00:58:11-07:00,5
绑定手机号这个画面不绑定就退不出来,绑定手机号这个画面不绑定就退不出来,1,9.2.3,0,0,2022-01-29T17:38:38-07:00,5
千万别升级，太多无用功能占据版面。还不能取消。,垃圾功能占据版面，不能自定义。,1,9.2.3,0,0,2022-01-29T04:40:00-07:00,5
花里胡哨,长期推荐直播，我再下这个不是来看直播的，其他功能不要整的那么花里胡哨的,1,9.2.3,0,0,2022-01-29T04:22:24-07:00,5
不要坑我太厉害就好，谢谢！,不要坑我太厉害就好谢谢！,5,9.2.3,0,0,2022-01-28T19:52:59-07:00,5
로그인햇는데 왜자꾸 인증을 하라고 하냐고!!!!!,문제가 많은지 자꾸 폰인증을 하라고하는데 인증문자 보내면 감감무소식인데 뭘보내라는건지!!!!,1,9.2.3,1,0,2022-01-28T08:26:43-07:00,5
建议国家取缔下架,特别垃圾的平台，严重的低俗，色情不正之风，建议应用商店下架处理。,1,9.2.3,2,2,2022-01-28T04:57:34-07:00,5
垃圾,垃圾,1,9.2.3,0,0,2022-01-28T04:40:28-07:00,5
什么破烂玩意,垃圾app全是卖淫嫖娼的,1,9.2.3,0,0,2022-01-27T22:41:57-07:00,5
闪退,老闪退呢？,1,9.2.3,0,0,2022-01-27T19:48:40-07:00,5
陌坑,陌陌就是个坑，特别是活动消费方面,1,9.2.3,0,0,2022-01-27T17:28:25-07:00,5
13promax通知声音默认关闭,明明所有声音我都是开启的，为啥声音一直显示关闭，怀疑是个bug。不知道大家的有没有声音,1,9.2.3,0,0,2022-01-27T09:22:16-07:00,5
来信息经常不提示,更新版本后仍然界面锁屏后来信息不提示，没有提示音什么都没有,1,9.2.3,0,0,2022-01-27T07:29:08-07:00,5
各种vip，svip，不充会员用不了,各种vip，svip，不充会员用不了,1,9.2.3,0,0,2022-01-26T22:11:02-07:00,5
脑洞太大，动不动就封号,一点也不好用,1,9.2.3,0,0,2022-01-26T22:03:10-07:00,5
吐槽,太娇枉过正了！,1,9.2.3,0,0,2022-01-26T16:19:52-07:00,5
需要改进,对于一些违规的处罚形同虚设；拉黑后还会碰面，限制功能太少。,1,9.2.3,0,0,2022-01-26T08:51:32-07:00,5
从陌生到认识,友情的桥梁,5,9.2.3,0,0,2022-01-26T07:37:02-07:00,5
下载,为何现在默默下载不了？,5,9.2.3,0,0,2022-01-26T07:05:36-07:00,5
总是推送与我无关的通知，还关不掉,"老是给我推荐颜色视频，陌陌现在是不是黄色软件了？关注页也老是出现没关注的人。全是卖弄风骚的女的…恶心死！

还有，我一个♀的，老给推送通知什么跟美女开黑，美女开播…要干嘛？！还推送虚拟打招呼通知，点进去又是你们黄色♀客户…",1,9.2.3,0,0,2022-01-26T06:19:57-07:00,5
希望陌陌成为一个完全谈情说爱的软件,不要有聊天限制，要像快手一样无限制，有钱赚。,5,9.2.3,0,0,2022-01-25T21:56:40-07:00,5
不热情,和朋友推荐的不一样，里面好多基本上都是不说话,3,9.2.3,0,0,2022-01-25T18:07:07-07:00,5
骗人的,里面都是假人。都是机器人,1,9.2.2,0,0,2022-01-25T13:25:14-07:00,5
垃圾啊,里面人都是假人，太垃圾了，差远了比以前,1,9.2.2,0,0,2022-01-25T09:59:01-07:00,5
钱陌陌,没有钱的专区的恋爱死掉了,1,9.2.2,0,0,2022-01-25T08:02:36-07:00,5
新版本真难用新版本真难用,新版本真难用,1,9.2.2,0,0,2022-01-25T00:34:48-07:00,5
垃圾软件 冲钱的啥子吧,如题,1,9.2.2,0,0,2022-01-24T13:56:43-07:00,6
讲真体感极差,漫天飞舞的垃圾信息,1,9.2.2,0,0,2022-01-24T09:25:45-07:00,6
这么多年一直没卸载不是你做的有多好，只是我念旧罢了,用陌陌七八年了，那时候陌陌还不是现在面目全非的样子。之所以一直没丢掉只是习惯了，别人都是越更新越好很少有这样越更新越垃的。不听建议，自由发挥。到现在甚至是非不分了，资料写清楚意思想远离低俗，结果被低俗的人举报了，结果低俗的陌陌受理了还警告我？我甚至怀疑陌陌没人工？有的话这脑回路也是绝了。真棒～发成动态把大家都逗笑了。再有一次直接卸载不送，几千粉丝也送你了，会员也不会再续,1,9.2.2,0,0,2022-01-24T01:23:38-07:00,6
陌陌陪我度过漫长的寂寞和孤独,自从有陌陌陪我度过了多年的寂寞和孤单，感谢平台有这么好的陌陌软件,5,9.2.2,0,0,2022-01-24T01:19:29-07:00,6
换手机后 …………登陆太麻烦 ……..,换手机后 …………登陆太麻烦 ……..,1,9.2.2,0,0,2022-01-23T17:26:16-07:00,6
回复许海峰从v个,还是喜欢。喜欢喜欢就喜欢,5,9.2.2,0,0,2022-01-23T17:10:04-07:00,6
垃圾,什么东西,1,9.2.2,0,0,2022-01-23T10:27:05-07:00,6
充了钱，不能用,充了钱进去，不能用！一直卡死！,1,9.2.2,0,0,2022-01-23T08:15:00-07:00,6
腊鸡,垃圾 现在就是钱钱钱  你不充钱你的陌陌一天到晚不会响一声,1,9.2.2,0,0,2022-01-23T01:12:33-07:00,6
一般,基本都是些KTV的酒托。很少有别的。,3,9.2.2,0,0,2022-01-22T18:59:08-07:00,6
故障,也不知道什么原因别人和我打招呼，我回复人家别人看不到,3,9.2.2,0,0,2022-01-22T17:47:36-07:00,6
不是好友也推送動態，很不喜歡,以前的陌陌不會推送不是好友的人的動態，現在，只要打過招呼都推送，很煩人，不喜歡，而且誰看過我總是顯示訪問數量，每次打開都是，還越來越多，反感,1,9.2.2,0,0,2022-01-22T17:39:59-07:00,6
附近的人没有了,附近的人没有了，体验特别差劲👎🏻,1,9.2.2,0,0,2022-01-22T12:37:39-07:00,6
太容易封号了,不好玩，突然会封号，一申请就封了还要实名认证，什么鬼啊，不好玩,1,9.2.2,0,0,2022-01-22T09:40:17-07:00,6
垃圾废物软件,渣男一天天那么多，还举报投诉不了，低俗色情举报都没了，别人盗用我头像侮辱我名誉举报都没反应，啥玩意啊？垃圾的要死！陌陌公司赶紧倒闭吧！,1,9.2.2,0,0,2022-01-22T03:52:06-07:00,6
保护人渣不遗余力,如题,1,9.2.2,0,0,2022-01-22T00:30:43-07:00,6
友善,美好,5,9.2.2,0,0,2022-01-21T21:39:55-07:00,6
官方的垃圾广告真多,官方的垃圾广告真多,1,9.2.2,1,0,2022-01-21T17:53:06-07:00,6
垃圾啊祝你早日倒闭,只能说真的很垃圾，封号封的悄无声息，不会在玩,1,9.2.2,0,0,2022-01-21T16:19:20-07:00,6
陌陌的人工客服真的太差劲了,无数次想要注销账号 离开这个破软件 真的很让人大无语 人工客服就没有嘛 联系方式也没有 我真的很讨厌 作为一个四年用户 陌陌逐渐让人爱不起来了,2,9.2.2,0,0,2022-01-21T09:00:35-07:00,6
永久封停,7年的用户。部分功能永久禁用相当于哑巴一样，难道不用陌陌会死？,1,9.2.2,0,0,2022-01-21T08:51:01-07:00,6
色情泛滥,色情泛滥,1,9.2.2,0,0,2022-01-21T04:03:47-07:00,6
垃圾 整天系统发信息,垃圾整天不聊天 也发信息 只要下载了 手机就不停的响 各种推荐 快破产了吧,1,9.2.2,0,0,2022-01-21T03:23:57-07:00,6
不能隐身,本来想评论五星，特别喜欢。唯一不能忍的就是不能隐身，设置了都不管用，是不是充会员才可以？吃相太难看了吧？,3,9.2.2,0,0,2022-01-20T15:55:43-07:00,6
嗯嗯,什么时候你学会偷流量了？几分钟一个多G？厉害厉害~,1,9.2.2,0,0,2022-01-20T15:35:16-07:00,6
好的平台好的理念，加油一切都好2022加油💪,一开取正能量好，一定的真实,5,9.2.2,0,0,2022-01-20T10:28:27-07:00,6
垃圾,垃圾软件，音频后台活动！,1,9.2.2,0,0,2022-01-20T05:08:02-07:00,6
陌陌,超级喜欢这个平台,5,9.2.2,0,0,2022-01-20T05:07:42-07:00,6
垃圾玩意2,骗钱,1,9.2.2,0,0,2022-01-20T04:02:03-07:00,6
腊鸡,腊鸡,1,9.2.2,0,0,2022-01-19T22:16:33-07:00,6
没有跟随系统模式,怎么没有深色模式呢！并且没有可更换主题,2,9.2.2,0,0,2022-01-19T21:13:30-07:00,6
摸摸陌陌摸摸哦哦哦,女孩子太少^_^,1,9.2.1,0,0,2022-01-19T16:22:35-07:00,6
垃圾软件,垃圾软件，聊天不合理，说着说着突然禁止说话了。后天的管理人员都是猪头,1,9.2.1,0,0,2022-01-19T15:59:39-07:00,6
到处限制，什么都不能说什么都警告⚠️,这个不能说，那个打不出,1,9.2.1,0,0,2022-01-19T09:35:13-07:00,6
垃圾,垃圾软件,1,9.2.1,0,0,2022-01-19T06:28:17-07:00,6
没意思的东西，，，,垃圾一大堆，,1,9.2.1,0,0,2022-01-18T23:48:00-07:00,6
垃圾,不知道为什么这么垃圾,1,9.2.1,0,0,2022-01-18T16:06:52-07:00,6
闪退,差评  这次更新之后  会导致切换账号很慢  就算在网络条件很好的时候也是很慢     长时间账号没切换过去的话 还会闪退,1,9.2.1,0,0,2022-01-18T06:48:43-07:00,6
陌陌,没事瞎封号  两个字垃圾,1,9.2.1,0,0,2022-01-17T22:25:58-07:00,6
只能用五⭐让大家看见,我真的无语，我就分享分享日常什么没干明明是我天天被人骚扰为什么说我骚扰老是封我，骚扰我的人为什么不封能不能查清楚记录啊，什么软件啊让不让人玩啊，分享分享生活也有错哪些骚扰人的老头子一个不封，老是发那种不文明的图片的人不封，为什么封我客服也没有一个，原因也没有,5,9.2.1,1,1,2022-01-17T10:23:46-07:00,6
呵呵,附近的人都看不到 陌陌越来越烂了,5,9.2.1,0,0,2022-01-16T23:18:09-07:00,6
垃圾，垃圾人多，骗子多的一批，最垃圾的软件,垃圾软件,1,9.2.1,0,0,2022-01-16T21:35:43-07:00,6
垃圾软件,垃圾软件，总封号,1,9.2.1,0,0,2022-01-16T20:28:24-07:00,6
没意思了附近人弄得和探探一模一样,没意思了附近人弄得和探探一模一样还不如直接下载探探，陌陌上很多词语和字都用不了，动不动就封号,1,9.2.1,0,0,2022-01-16T12:18:28-07:00,6
自由自在,平等交流、投其所好！,5,9.2.1,0,0,2022-01-16T05:34:32-07:00,6
垃圾真多,打开附近人全是按摩，卖肉,1,8.29.2,0,0,2022-01-16T03:51:08-07:00,6
垃圾玩意,垃圾玩意,1,9.2.1,0,0,2022-01-16T03:12:26-07:00,6
我就纳闷了,为什么就没有一个人愿意和我聊天，都是看了消息就不说话了,1,9.2.1,0,0,2022-01-16T02:01:22-07:00,6
附近人不准,附近人距离不准,2,9.2.1,0,0,2022-01-15T22:54:17-07:00,6
9.2.1版本稀烂,太垃圾了玩不明白，👀附近人有毛病,1,9.2.1,0,0,2022-01-15T21:53:14-07:00,6
点赞,非常好非常好。,5,9.2.1,0,0,2022-01-15T20:13:56-07:00,7
提意见,骗子太多防不胜防，希望改进一下,3,9.2.1,0,0,2022-01-15T16:43:25-07:00,7
陌陌越来越好……,我很喜欢陌陌这个平台比微信好用多了,5,9.2.1,0,0,2022-01-15T07:03:27-07:00,7
辣几,下载就是为了约附近，附近都没了？快倒了吧,1,9.2.1,0,0,2022-01-15T04:58:55-07:00,7
垃圾,垃圾中的垃圾！！！！,1,9.2.1,0,0,2022-01-15T03:07:48-07:00,7
陌陌建意,此软件一部份男女太污，一些女直播穿着太过暴露，扭扭捏捏，给人一种很不舒服的感觉。还有些小年轻来不来就是约，给钱，不尊重女性，希望此平台是一个充满正能量的软件，是一个正常交友的平台，把一些乱七八糟，不堪入目的东西屏闭掉。,4,9.2.1,0,0,2022-01-15T02:15:14-07:00,7
好,好,5,9.2.1,0,0,2022-01-14T20:05:26-07:00,7
限流问题，信息发送成功对方看不到,发送给好友，信息发送成功对方收不到，而且两人还是面对面的发送，你直接封号我还能知道问题出在哪里，你啥也不提示，我发那么多信息别人一句收不到，真的是越来越烂了,1,9.2.1,0,0,2022-01-14T19:30:32-07:00,7
差评,为什么一定要绑定手机号,1,9.2.1,0,0,2022-01-14T15:09:46-07:00,7
骗子十分多,陌陌平台，一直有很多的骗子横行，官方也不管，只能认栽，官方不作为，不管这些事情，5星只为了让官网的这些不作为的人看到。建议取消发红包了功能。,1,9.2.1,0,0,2022-01-14T10:17:21-07:00,7
还不错,无聊的时候有人说话,5,9.2.1,0,0,2022-01-14T08:59:07-07:00,7
找不到客服,工会诈骗，陌陌客服找不到，电话打不进，投诉无门,1,9.2.1,0,0,2022-01-14T08:13:38-07:00,7
辣几软件……,辣几软件。。。。。。。。。。。。。。。。,1,9.2.1,0,0,2022-01-14T07:21:53-07:00,7
垃圾平台555558888,不管三七二十一，不管违规不违规有人举报就是封号，这就是陌陌，无处去伸张正义，垃圾平台,1,9.2.1,0,0,2022-01-14T04:15:45-07:00,7
发信息别人看不到,发了信息别人看不到也不去修复 我不知道还玩什么,1,9.2.1,0,0,2022-01-14T01:40:30-07:00,7
流氓软件,强制用户收下礼物收益，当尝试注销会发现 必须各种绑定 实名认证 人脸验证 提现收益才有可能，绑定手机号后就永远不得解绑 总之想走没门,1,9.2.1,0,0,2022-01-14T00:57:09-07:00,7
男盗女娼,男盗女娼,1,9.2.1,0,0,2022-01-14T00:55:01-07:00,7
没有用的软件太多,没用的游戏 没用的插件 没用的广告太多 打过招呼就必须显示动态？真的没有用,1,9.2.1,0,0,2022-01-14T00:11:42-07:00,7
自动扣费服务,坑爹的app、千万别开会员每个月自动扣12很难找到关闭,1,9.2.1,0,0,2022-01-13T23:18:37-07:00,7
发信息别人收不到,发送信息都收不到,1,9.2.1,0,0,2022-01-13T03:11:23-07:00,7
无缘无故就封禁，不能好好玩了,我也没违规啊。 就玩个聊天室。还都认识的，动不动封号，有意思吗？又不是不给你们平台赚钱，我们聊我们的。没聊敏感话题就行了，动不动就警告封号，弄个八级财富想点钻石，没玩两天就封号，客服人工还不受理，真是无语,1,9.2.1,0,0,2022-01-13T02:02:30-07:00,7
真是不如以前好用,陌陌现在改的特别拉胯,1,9.2.1,0,0,2022-01-13T01:39:21-07:00,7
垃圾软件,再推送信息给我，看到的死一户口本,1,9.2.1,0,0,2022-01-12T14:18:28-07:00,7
垃圾,陌陌就是个垃圾软件，别人发的色情图，我回都没回，直接说什么系统鉴测到我违规，连我的号一起封了，垃圾,1,9.2.1,0,0,2022-01-12T06:55:44-07:00,7
垃圾软件,垃圾,1,9.2.1,0,0,2022-01-12T01:27:37-07:00,7
垃圾陌陌,注册两天莫名其妙违规，解封不了,1,9.2,0,0,2022-01-11T06:17:23-07:00,7
不充值用不了，很垃圾,很垃圾,1,9.2,0,0,2022-01-11T00:41:50-07:00,7
垃圾软件,我手机莫名其妙被人注册了这个低俗软件，那人隔三差五点短信验证，我持有这个手机号连下载来注销都不行,1,9.2,0,0,2022-01-10T08:38:10-07:00,7
被盗,强烈要求被盗的号也能找回来 用了那么多年的号被盗了 一句话也不说 你们学学腾讯行不行,1,9.2,0,0,2022-01-09T20:50:05-07:00,7
更新体验感更差了,还是喜欢原来那个功能，人和动态分开，这样可选择的就多了。,1,9.2,0,0,2022-01-09T09:20:29-07:00,7
直播软件闪退,直播跳舞的时候，整个软件会闪退出来，一场直播闪退三四次！也不清楚什么问题，希望陌陌团队能及时处理！是否苹果系统与陌陌app产生了冲突，还是什么原因，希望能得到改善,1,9.2,0,0,2022-01-09T02:32:08-07:00,7
好,想寂寞都难,5,9.2,0,0,2022-01-09T00:24:03-07:00,7
垃圾,骗子随处可见,1,9.2,0,0,2022-01-08T20:22:33-07:00,7
黄色软件,意外下载了 这种软件确实很开放上面没几个正经人全是约p的，想注销还特别麻烦一开始说账号有余额必须实名认证和绑定不然无法注销，后面又说要审核账号是否安全审核了十几天都没有给结果，没这么无语过,1,9.2,0,0,2022-01-08T17:31:26-07:00,7
给我推荐的全是丑八怪软件,我会看着它下架。也祝他生的儿女都跟它推荐给我的人一样。哈哈我已神的名义祝福你。你家祖宗十八代都嫁给推荐给我的男人女人。生的孩子必定丑如乞丐,1,9.2,0,0,2022-01-08T17:02:00-07:00,7
太棒了，里面的休闲游戏也好玩,不错，很好,5,9.2,0,0,2022-01-08T08:37:33-07:00,7
垃圾垃圾垃圾,全都是些恶心人的垃圾人！招嫖的，想约的，恶心透顶！用了八年多，越来越觉得这个软件废了，没意思！注销账号各种麻烦！应该拉黑！,1,9.2,0,0,2022-01-08T08:13:07-07:00,7
乌龟赛跑,略知一二说三道四,1,9.2,0,0,2022-01-07T22:08:05-07:00,7
最新版本不好用,最新版本不好用，附近人非常不方便，果断下载了老版本……,1,9.2,0,0,2022-01-07T20:00:27-07:00,7
什么鬼,"账号异常,登陆上去要绑手机号！绑手机号要验证码， 然后账号异常验证码发不出去",1,9.2,0,0,2022-01-07T19:05:27-07:00,7
遇到真爱,宝宝，感谢有你，感谢有你的每一天💋💋💋🌺🌺🌺,5,9.2,0,0,2022-01-07T17:17:57-07:00,7
你个人数据分享几十家公司,垃圾软件上面全部招嫖的！骗子贼多,1,9.2,0,0,2022-01-07T09:21:27-07:00,7
我发消息别人都看不见 什么垃圾软件嘛,无语 差评,2,9.2,0,0,2022-01-07T09:08:07-07:00,7
差评,垃圾中的战斗机,1,9.2,0,0,2022-01-07T07:32:57-07:00,7
现在的陌陌真是垃圾。,一点不好用不说。 现在还要会员用来干嘛？ 以前会员还能分类查找。,1,9.2,0,0,2022-01-07T07:00:50-07:00,7
骗局较多,里面骗子较多，希望平台能加强监管，麻将骗局，诱导消费，仙人跳，如果你想经历社会险恶，可以来玩陌陌,1,9.2,0,0,2022-01-07T06:44:51-07:00,7
陌陌能与省内外朋友，增进交流，扩大交往范围,陌陌平台办得好。,5,9.2,0,0,2022-01-06T20:58:35-07:00,7
垃圾,陌陌这服务太差 人工服务排队 咋排排不上 咋排都失败 约排人越多 然后人工电话 还占线,1,9.2,0,0,2022-01-06T20:32:23-07:00,7
爱护陌陌,感谢平台后给我们一个认识更多朋友,5,9.2,0,0,2022-01-06T18:18:02-07:00,7
收不到信息,我发信息信息别人根本看不到，我又没有违规搞笑,1,9.2,0,0,2022-01-06T17:18:01-07:00,7
垃圾,最垃圾的直播平台,1,9.2,0,0,2022-01-06T07:46:09-07:00,8
电脑人多,好多人，天天见，再发信息都没回，每次就发同一条动态，好多搞虚的,3,9.2,0,0,2022-01-06T06:16:22-07:00,8
垃圾 越,垃圾。越升级越垃圾。,1,9.2,0,0,2022-01-06T02:54:21-07:00,8
垃圾,垃圾,1,9.1.10,0,0,2022-01-05T11:48:35-07:00,8
有效交流沟通,比较灵活的交流沟通，自主选择性强。游戏开心果,5,9.1.10,0,0,2022-01-05T08:17:02-07:00,8
没意思 不好用,平台在抢钱吗？不充会员不给看资料？请开发商把格局打开！,1,9.1.10,0,0,2022-01-05T04:07:17-07:00,8
名媛荟萃,全是钓鱼的 俺也不知道是不是人机,1,9.1.10,0,0,2022-01-05T01:48:40-07:00,8
诚心建议,我相信这个软件的开发必定离不开许多工作人员的努力，但如果可以设置用户是否结婚就更好了。这样既避免了不必要的冲突，维护了不少家庭的幸福，有可以保障用户的体验感！,2,9.1.10,0,0,2022-01-04T20:27:35-07:00,8
10年陌龄 不知道有没有礼物送我,我还想知道我具体的注册时间,5,9.1.10,0,0,2022-01-04T17:52:04-07:00,8
，,所有设置都弄好了 ，也关闭了距离，关闭了陌生人打招呼，还是一直有陌生人打招呼的消息,1,9.1.10,0,0,2022-01-04T14:45:57-07:00,8
下线卖淫的特别多,陌陌这个软件太假了，根本就不真实的聊天软件，线下卖淫的还特别多,1,9.1.10,0,0,2022-01-04T05:25:54-07:00,8
都约不到小姐姐,都说这个是神器，我约不到一次,1,9.1.10,0,0,2022-01-04T01:29:48-07:00,8
好好好,很好用，都是附近人,5,9.1.10,0,0,2022-01-03T22:30:44-07:00,8
充钱充钱充钱,不充钱就连招呼也打不了，也收不到别人回得消息,1,9.1.10,0,0,2022-01-03T19:46:42-07:00,8
里面的人素质低下,全是广告，各种鱼龙混杂，骗钱的，没素质的，臭不要脸的,1,9.1.10,0,0,2022-01-03T19:06:10-07:00,8
从没这样无语过 真服了,没做什么违规的事 无缘无故就回信息所有人看不见 真的服了 换几个号了都这样 给客服发信息说 客服就说了一堆没用的话 垃圾软件,1,9.1.10,0,0,2022-01-03T17:14:10-07:00,8
垃圾平台，专坑中小玩家,垃圾平台，专坑中小玩家,1,9.1.10,0,0,2022-01-03T03:03:58-07:00,8
恢复附近人列表，打开附近都是动态,。。,4,9.1.10,0,0,2022-01-03T02:25:17-07:00,8
发信息别人看不见,为什么就是有时候发信息别人收不到,5,9.1.10,0,0,2022-01-02T19:00:57-07:00,8
垃圾信息太多,官方垃圾信息太多 而且无法关闭,2,9.1.10,0,0,2022-01-02T17:55:45-07:00,8
有点垃圾,被冻结账号的支付宝解绑不了    想绑定在别的账号上都绑定不了    TMD    被冻结账号什么时候才可以自动解绑,1,9.1.10,0,0,2022-01-02T15:07:07-07:00,8
太多招嫖的,无论是附近人  还是动态大厅   基本上都被招嫖的占领,3,9.1.10,0,0,2022-01-02T13:43:04-07:00,8
？,充满了套路和诈骗的平台，在陌陌上交友需谨慎，除非人傻钱多。,1,9.1.10,0,0,2022-01-02T13:33:09-07:00,8
用词不当就会被禁言，没有自由，过于敏感,不太满意,5,9.1.10,0,0,2022-01-02T09:56:56-07:00,8
换新设备后登陆就需要接收验证码,"换新设备后账号密码就无法登陆,需要验证码才行，没有绑定手机或已更换手机号，申诉还特别麻烦，基本无法申诉成功，很鸡肋",1,9.1.10,0,0,2022-01-02T04:50:39-07:00,8
男网友素质低下,我只是发了条相亲动态帖。莫名其妙收到一堆男的的谩骂，他们是不是脑子有病？平台监管还是要严格一些！让这些人好好说话！像这样的负面评价看多了人都会抑郁掉的！到时候平台可否承担责任呢？,1,9.1.10,0,0,2022-01-02T04:28:54-07:00,8
恢复附近的人列表,附近的人搞什么弹窗，以前的列表多好用，直接列表里面浏览，对哪个感兴趣直接点开看，现在搞个弹窗强制一个一个看一个一个关闭，浪费用户流量跟时间，倒是增加了你们的流量，跟流氓软件有何区别，越改越废,3,9.1.10,0,0,2022-01-01T21:35:46-07:00,8
不科学,随便禁言封号，永久功能不能使用、这不公平的、毕竟没有人家交易收款的证据,2,9.1.10,0,0,2022-01-01T09:40:25-07:00,8
越来越不错了,变化很大，也很人性化,5,9.1.10,0,0,2022-01-01T06:07:31-07:00,8
6元充42陌币？咋升级的你们,之前是6元70陌币，现在升级完42陌币了，啥情况啊？不让消费了？不让玩了？,1,9.1.10,0,0,2022-01-01T00:16:06-07:00,8
软件霸王条款，账号里总有几分钱，不能注销！,软件霸王条款，账号里总有几分钱，不能注销！违反软件注册和注销自愿原则！,1,9.1.10,0,0,2021-12-31T13:57:08-07:00,8
垃圾,连个信息都收不到趁早倒闭吧,1,9.1.10,0,0,2021-12-31T09:47:56-07:00,8
平台好,这是一个健康，绿色的交流平台，值得下载，推广。,5,9.1.10,0,0,2021-12-31T09:29:13-07:00,8
无关提醒太多，还不让关闭。烦死了,关注的动态更新提醒，点进一看居然是打过招呼人的动态，设置好想就是个摆设。还有陌陌官方活动账号，每天给你发广告，还不让你关闭。,2,9.1.10,0,0,2021-12-30T14:29:38-07:00,8
赚钱好软件,赚钱好软件,5,9.1.10,0,0,2021-12-30T09:04:44-07:00,8
怎么现在下载要收费了？,为什么要收费了……,1,9.1.10,0,0,2021-12-30T04:23:31-07:00,8
垃圾软件,垃圾软件，,1,9.1.10,0,0,2021-12-30T03:16:31-07:00,8
什么玩意,什么玩意,1,9.1.10,0,0,2021-12-30T02:34:34-07:00,8
跳窗很烦,每次点进去都推点点很烦，,1,9.1.10,0,0,2021-12-29T23:38:51-07:00,8
订阅这玩意怎么关闭,订阅这个费用怎么关闭？？？？？,3,9.1.10,0,0,2021-12-29T19:52:09-07:00,8
垃圾软件,下载安装容易，想注销难如登天，本不想泄露更多个人信息，结果注销时各种实名认证，人脸认证，钱包还必须清空，必须要绑定支付宝，总之各种坑，提醒大家下载需谨慎啊,1,9.1.9,0,0,2021-12-29T19:01:31-07:00,8
无法联系客服,因为陌陌里面的问题。机器人解决不了，联系客服又联系不上。一点办法都没有感到很绝望了。,1,9.1.9,0,0,2021-12-29T00:58:56-07:00,8
没有理由的封号禁言,玩个呆儿,1,9.1.9,0,0,2021-12-28T23:02:58-07:00,8
新版陌陌无隐身功能礼物墙冠名人不能选择性进行关闭,更新之后再也没有隐身功能，只有关注你的才看不到，想开自然会开定位，不想开想关都关不了。有时候就想偷偷玩，没关注的都能看到距离和在线时间，希望能改进。还有礼物墙冠名人，就是强制性公开所有人可见，这样很容易有骗子冒充自己，送礼物收礼物有的不想叫别人知道，钦犯冠名人隐私。,1,9.1.9,0,0,2021-12-28T08:48:56-07:00,8
值得信赖的软件，很好用,希望每一个用户都能找到另一半，属于自己的爱情,5,9.1.9,0,0,2021-12-28T08:07:17-07:00,8
无语,怎么评定违规的没有黄图没有发色情图片还严重违规这么头大，,1,9.1.9,0,0,2021-12-28T06:25:20-07:00,8
很垃圾,做了这么多年现在app反而越做越烂，卡死一直卸载重装,1,9.1.9,0,0,2021-12-27T23:01:32-07:00,8
总是无缘无故的封号,一点也不人性，总是无缘无故的封号,1,9.1.9,0,0,2021-12-27T09:57:54-07:00,8
不经过认真核实封聊天室功能,9天之内封我开的聊天室3次   在此聊天期间没有言论任何低俗和敏感的话题 、属于对用户的不负责任。建议app下架,1,9.1.9,0,0,2021-12-27T06:34:52-07:00,8
不好,一点都不好，都不可以隐身了,1,9.1.9,0,0,2021-12-27T03:32:08-07:00,8
一款专门骗人的垃圾游戏,各种名义抽奖 各种名义坑 只要你抽奖你就必死,1,9.1.9,1,1,2021-12-27T01:13:22-07:00,9
垃圾,垃圾,1,9.1.9,0,0,2021-12-26T21:06:30-07:00,9
动不动就举报删动态,我希望这个平台快点倒闭吧。发个泳衣照就是漏了下腿，沟都没漏，再次被举报封动态。,1,9.1.9,1,1,2021-12-26T20:28:08-07:00,9
垃圾软件,全是骗子，约的,1,9.1.9,0,0,2021-12-26T18:09:32-07:00,9
一比吊糟,垃圾,1,9.1.9,0,0,2021-12-26T06:32:35-07:00,9
非常的垃圾,垃圾的要死，下载探探也别下载这个，上面都是死人,1,9.1.9,0,0,2021-12-26T03:27:12-07:00,9
是真垃圾,动不动就没网什么情况咋是5G带不动吗,1,9.1.9,0,0,2021-12-25T18:32:33-07:00,9
超难用，超恶心,最难用的一个陌陌版本。。。。恶心人,1,9.1.9,0,0,2021-12-25T17:45:40-07:00,9
太多负面言论影响心情,太多负面言论影响心情,4,9.1.9,0,0,2021-12-25T17:20:56-07:00,9
不人性化,不小心转发了图片，结果动不动就限制功能使用。长时间不解封。就是犯罪们有个有期徒刑，刑满释放嘛。比起QQ，WX的人性化差远了！,2,9.1.9,0,0,2021-12-25T17:19:31-07:00,9
搞得还可以这个软件,非常的好用大家可以下载用一下推荐五星好评，推荐,5,9.1.9,0,0,2021-12-25T10:58:29-07:00,9
陌陌好多游戏打不开，就我一个人吗,除了抢车位能正常玩，其他不能玩网络错误都是,2,9.1.9,0,0,2021-12-25T04:35:08-07:00,9
陌陌,太垃圾了，苹果系统打不开天天庄园，动不动显示网络不好。,1,9.1.9,0,0,2021-12-25T03:14:21-07:00,9
过份,应该屏信息的不评，不应该屏动态的屏。,1,9.1.9,0,0,2021-12-25T00:10:38-07:00,9
垃圾,垃圾的要死!,1,9.1.9,0,0,2021-12-24T22:33:10-07:00,9
陌陌钱包页面中怎么找不到？？？,陌陌钱包找不到,5,9.1.9,0,0,2021-12-24T19:04:07-07:00,9
发信息别人都看不见，动态也没人看见体验感超级差,差差,1,9.1.9,0,0,2021-12-24T16:45:04-07:00,9
动不动就打不开了?只能卸载重装才能用。,"动不动就打不开了?只能卸载重装才能用。
动不动就打不开了?只能卸载重装才能用。
动不动就打不开了?只能卸载重装才能用。
动不动就打不开了?只能卸载重装才能用。
动不动就打不开了?只能卸载重装才能用。
动不动就打不开了?只能卸载重装才能用。
动不动就打不开了?只能卸载重装才能用。
动不动就打不开了?只能卸载重装才能用。
动不动就打不开了?只能卸载重装才能用。
动不动就打不开了?只能卸载重装才能用。
动不动就打不开了?只能卸载重装才能用。
动不动就打不开了?只能卸载重装才能用。
动不动就打不开了?只能卸载重装才能用。
动不动就打不开了?只能卸载重装才能用。
动不动就打不开了?只能卸载重装才能用。
动不动就打不开了?只能卸载重装才能用。
动不动就打不开了?只能卸载重装才能用。
动不动就打不开了?只能卸载重装才能用。
动不动就打不开了?只能卸载重装才能用。
动不动就打不开了?只能卸载重装才能用。
动不动就打不开了?只能卸载重装才能用。
动不动就打不开了?只能卸载重装才能用。
动不动就打不开了?只能卸载重装才能用。
动不动就打不开了?只能卸载重装才能用。
动不动就打不开了?只能卸载重装才能用。
动不动就打不开了?只能卸载重装才能用。
动不动就打不开了?只能卸载重装才能用。
动不动就打不开了?只能卸载重装才能用。
动不动就打不开了?只能卸载重装才能用。
动不动就打不开了?只能卸载重装才能用。
动不动就打不开了?只能卸载重装才能用。
动不动就打不开了?只能卸载重装才能用。
动不动就打不开了?只能卸载重装才能用。
动不动就打不开了?只能卸载重装才能用。
动不动就打不开了?只能卸载重装才能用。
动不动就打不开了?只能卸载重装才能用。
动不动就打不开了?只能卸载重装才能用。
动不动就打不开了?只能卸载重装才能用。
动不动就打不开了?只能卸载重装才能用。
动不动就打不开了?只能卸载重装才能用。
动不动就打不开了?只能卸载重装才能用。
动不动就打不开了?只能卸载重装才能用。",2,9.1.9,0,0,2021-12-24T10:27:39-07:00,9
儍B客服人員,人工客服問題沒解決就下线了，敷衍了事。,1,9.1.9,1,0,2021-12-24T02:44:27-07:00,9
陌陌老是莫名屏蔽信息 别人看不见消息,"你们陌陌是越来越差了 没有违规行为都会屏蔽消息 发不出信息 老用户了 1星都不想给你 
麻烦你们优化一下好吗？ 真垃圾",1,9.1.9,0,0,2021-12-24T00:27:30-07:00,9
赶紧出深色模式,深色模式赶紧出，到现在还没个深色模式，你们是干饭的吗,1,9.1.9,1,1,2021-12-23T23:19:22-07:00,9
销了,越来越差了，以前觉得这个平台都是陌生人，发泄一下不方便在朋友圈和QQ释放情绪，顺便看看周边有什么新鲜的事情，现在都是些乱七八糟，最好笑的这个陌陌还当自己真是一回事，随意限制，体验越来越差,1,9.1.9,0,0,2021-12-23T20:11:24-07:00,9
多彩世界,多彩生活,5,9.1.9,0,0,2021-12-23T17:40:23-07:00,9
动不动老叫更新,两三天老提示更新一下 很烦,1,9.1.9,0,0,2021-12-23T05:16:10-07:00,9
陌陌,不错的聊天平台,4,9.1.9,0,0,2021-12-23T04:42:44-07:00,9
不好,一代不如一代,1,9.1.9,0,0,2021-12-23T04:13:19-07:00,9
现在的隐身模式,现在隐身模式差到了极点，只能对好友隐身？跟以前隐身来比简直就是个鸡肋模式，麻烦你们开发者能把老版本的隐身模式在更新回来？这个VIp指定隐身也是个鸡肋玩意。,1,9.1.9,0,0,2021-12-23T02:17:31-07:00,9
感谢默默,很好的交友软件,5,9.1.9,0,0,2021-12-23T00:15:40-07:00,9
喜欢你,从来没有这么喜欢一个软件 只因有你 我很开心,5,9.1.9,0,0,2021-12-22T21:46:52-07:00,9
赞赞赞,很不错的交友平台 点赞,5,9.1.9,0,0,2021-12-22T20:56:56-07:00,9
差,动不动就是封号处理什么软件呀,1,9.1.8,0,0,2021-12-22T06:21:48-07:00,9
发出去的消息看不到,就很无语 十个人发消息 都不一定能有一个人能收到的 对方永远看不到消息 我不知道是谁的问题 但是就有人能看到 有人看不到,2,9.1.8,0,0,2021-12-22T01:13:35-07:00,9
客服电话打不通,客服电话打不通，问题解决不了。 破软件。,1,9.1.8,0,0,2021-12-21T20:50:45-07:00,9
。,陌陌感觉更新还是挺频繁的，一直都在不断的更新 优化 完善着。但感觉最基本的“限流”问题 还是没有得到改善，还更严重了……,3,9.1.8,0,0,2021-12-21T19:25:22-07:00,9
动不动就打不开了？ 只能卸载重装才能用。,动不动就打不开了？ 只能卸载重装才能用。动不动就打不开了？ 只能卸载重装才能用。动不动就打不开了？ 只能卸载重装才能用。动不动就打不开了？ 只能卸载重装才能用。动不动就打不开了？ 只能卸载重装才能用。动不动就打不开了？ 只能卸载重装才能用。动不动就打不开了？ 只能卸载重装才能用。动不动就打不开了？ 只能卸载重装才能用。动不动就打不开了？ 只能卸载重装才能用。动不动就打不开了？ 只能卸载重装才能用。动不动就打不开了？ 只能卸载重装才能用。动不动就打不开了？ 只能卸载重装才能用。动不动就打不开了？ 只能卸载重装才能用。动不动就打不开了？ 只能卸载重装才能用。,2,9.1.8,2,1,2021-12-21T07:13:19-07:00,9
广告,广告太多。。。。。。。。。。。,1,9.1.8,0,0,2021-12-21T05:15:45-07:00,9
垃圾陌陌，封我好几个财富高的号，还充个毛钱,垃圾,1,9.1.8,0,0,2021-12-21T03:58:32-07:00,9
垃圾软件,垃圾软件,1,9.1.8,0,0,2021-12-20T20:00:15-07:00,9
爱你们,感恩所有的朋友们陪伴我度过这这些年的无聊🤝感谢贵台的娱乐让我开心的度过了每一天么么哒,5,9.1.8,0,0,2021-12-20T16:29:26-07:00,9
账号,为什么莫名其妙给我说我账号暂停服务了？,5,9.1.8,0,0,2021-12-20T06:39:59-07:00,9
哈,好好,5,9.1.8,0,0,2021-12-19T23:02:27-07:00,9
陌陌越来越垃圾了,房间号被人炸弹了以后，有多少人是无辜受害，房间申请不找回也不能找回，说你违规才这样，问题别人炸房。你知道什么时间炸，比如我睡觉去了，起来房间没了，就说你违规，最近都是一头雾水。和客服解释，你踢给他，他题给你，踢来踢去，最后都没有一个结果，最后干脆客服把你下线。强行断开客服链接。有多少和我一样的受害者举手一下看看。让陌陌的上层看见我们这些玩家的无奈……所以真的越来越垃圾了,1,9.1.8,0,0,2021-12-19T19:38:26-07:00,9
陌陌,垃圾产品,1,9.1.8,0,0,2021-12-19T15:23:31-07:00,9
噩梦,19年玩陌陌认识了一个女的，那是我噩梦的开始！,1,9.1.8,0,0,2021-12-19T07:47:03-07:00,9
啥也不是！,乌烟瘴气的地方，这里的人们露出了最原始的嘴脸，肆无忌惮的展示人性丑恶，要么矫揉造作欲迎还拒，要么直截了当低俗不堪。,1,9.1.8,0,0,2021-12-19T04:56:04-07:00,9
建议改进,聊天室音乐太少不流行什么也搜不到,3,9.1.8,0,0,2021-12-19T04:23:58-07:00,9
好啊,不错的交友软件，加油,5,9.1.8,0,0,2021-12-19T04:16:43-07:00,9
垃圾陌陌,垃圾陌陌,1,9.1.8,0,0,2021-12-19T03:16:57-07:00,9
垃圾,这个软件垃圾的要死，建议永久下架,1,9.1.8,0,0,2021-12-19T03:14:14-07:00,9
烦,这几八软件随时都在升级，太几八烦！,5,9.1.7,0,0,2021-12-18T05:34:31-07:00,9
体验感不好,妹子都没有，全是sm服务，还弄啥,1,9.1.7,1,1,2021-12-18T03:36:27-07:00,10
骚扰信息,开发各种骚扰信息勾引,1,9.1.7,0,0,2021-12-18T02:45:55-07:00,10
太好了聊天方面,有了陌陌太好了,5,9.1.7,0,0,2021-12-17T23:11:30-07:00,10
哎,约不到人,5,9.1.7,0,0,2021-12-17T21:59:55-07:00,10
陌陌,完美的app,5,9.1.7,0,0,2021-12-17T09:15:13-07:00,10
屏蔽的官方消息还是一个劲提醒,有时候根本没有消息也会提示音，然后点进去根本没有消息，官方消息都屏蔽了，拦截了，还是不断的发进来。,1,9.1.7,0,0,2021-12-17T08:38:01-07:00,10
动不动就封号,什么都没发，动不动就封号，无语了，快倒闭了吧，用户都是些什么鬼,1,9.1.7,0,0,2021-12-17T06:50:09-07:00,10
好,好,5,9.1.7,0,0,2021-12-17T06:42:21-07:00,10
垃圾號太多,都是一些垃圾號多；𤆬,1,9.1.7,0,0,2021-12-17T05:49:23-07:00,10
无任何隐秘性 造成夫妻双方矛盾，，，，，,无任何隐秘性 造成夫妻双方矛盾，，，，，,1,9.1.7,0,0,2021-12-17T05:04:55-07:00,10
感觉太差,广告太多，还有系统对某些词语过于敏感，动不动就扣分停号！还有监管不严，很多性别不对，审核不严格，盗图广告太多！,1,9.1.7,0,0,2021-12-17T01:31:34-07:00,10
加油,還不錯啊,5,9.1.7,0,0,2021-12-17T00:00:33-07:00,10
就是假人太！太多坏人！不够安全措施！,注册前全部号都要人脸识别才能注册就好了！,5,9.1.7,0,0,2021-12-16T20:34:36-07:00,10
加油,加油哦💪,5,9.1.7,0,0,2021-12-16T08:28:01-07:00,10
瞎推荐,根本没关注的，聊几句，再发动态就再关注动态里了，特别烦人,1,9.1.7,0,0,2021-12-16T00:27:02-07:00,10
我可以喜欢你码码吗,别说，现在的陌陌真垃圾，跟几年前比太垃圾了，真想这个和微信漂流瓶一样封了,1,9.1.7,0,0,2021-12-15T21:10:24-07:00,10
没意思,都是套路,1,9.1.7,0,0,2021-12-15T19:41:05-07:00,10
约会交友软件,能够快速发现附近的人，附近交友很方便快速，能够分享生活，认识新朋友,5,9.1.7,0,0,2021-12-15T15:33:00-07:00,10
真心不错,陌陌在我眼里就像家一样，给我温暖，让我从自卑到自信，感恩陌陌，不负遇见,5,9.1.7,0,0,2021-12-15T15:30:25-07:00,10
特别实用美女啊,现在正和我女朋友寻欢好好的在一起呢，感谢。这产品连续签到21天可以领200元红包，真不错,5,9.1.7,0,0,2021-12-15T15:22:51-07:00,10
真心为陌陌着想,没有什么归于类别的交友渠道。不能快速的找到需求的人。之前版本有功能找到所谓圈子至少不论真假都能说几句使得陌陌算是聊天前期软件。其实熟了就会彼此另加微或Ｑ陌陌反而成了别的软件的前期帮助者,1,9.1.7,0,0,2021-12-15T13:11:17-07:00,10
🈷️跑神器,小姐姐们都很主动 可能是我太有魅力了,5,9.1.7,0,0,2021-12-15T10:10:11-07:00,10
还行吧,一般般,5,9.1.7,0,0,2021-12-15T07:20:58-07:00,10
垃圾,消息都发不出去,1,9.1.7,0,0,2021-12-15T06:53:44-07:00,10
不错,挺好的app,5,9.1.7,0,0,2021-12-15T06:38:39-07:00,10
我喜欢陌陌的原因,在众多的聊天交友软件中，陌陌显得独树一帜。,5,9.1.7,0,0,2021-12-14T20:52:42-07:00,10
软件耐用软件,"很不错,还行真的真的很不错的这个蛮好用的,超级好用,简直啊啊,我寺么都入魔了",5,9.1.7,0,0,2021-12-14T20:36:23-07:00,10
约会必备,交友间，很好的为广大情侣恋爱真爱同胞提供了一个聊天情侣恋爱的交友软件，在工作之余，可以和一群志同道合的朋友们畅聊，真的非常不错。,5,9.1.7,0,0,2021-12-14T20:36:19-07:00,10
很有创意的一个软件,隐私也能得到很好的保障，界面让人感觉挺舒服的，无聊的打发时间可以，我也好可爱，很贴心哦。,5,9.1.7,0,0,2021-12-14T20:02:24-07:00,10
一个字：好！签到领钱，还能赚钱,找朋友一定要下这个软件。很不错真实的感受，真实的评价，软件很好用,5,9.1.7,0,0,2021-12-14T20:01:42-07:00,10
找不到解除自动扣费,垃圾，就知道骗钱的软件,1,9.1.7,0,0,2021-12-14T19:59:25-07:00,10
附近交友软件太棒了,这个交友产品真是给到了我意想不到的惊喜，难得碰到这么漂亮的妹纸，那些什么繁星交友啦辣舞交友啦主播都太难入眼了。,5,9.1.7,0,0,2021-12-14T19:59:17-07:00,10
明天,🈶️,5,9.1.7,0,0,2021-12-14T19:44:11-07:00,10
一个不错的聊天交友,真的很喜欢一个姑娘，在上面认识的，每天翻看他的资料还有动态，给我的心弄的乱乱的。,5,9.1.7,0,0,2021-12-14T19:33:03-07:00,10
不错的软件,因为这交友软件，希望可以在这找到另一半我也来碰碰运气，还有签到奖励 赞,5,9.1.7,0,0,2021-12-14T19:32:24-07:00,10
良心聊天软件,真心不错的同城约会聊天软件，一个知名的的交友软件，安全无忧，可以查看个人资料和照片，还可以同城约会，真的特别好的约会聊天软件。,5,9.1.7,0,0,2021-12-14T19:31:42-07:00,10
各种推送消息,现在每天强制推送消息，没法屏蔽，是真的烦，以前一天一条，现在一天好几条,1,9.1.7,0,0,2021-12-14T08:10:23-07:00,10
很好。有自己得特色,孩子用了以后告诉我，说她会坚持每天都使用，必须给程序猿一个赞！,5,9.1.7,0,0,2021-12-14T04:48:21-07:00,10
陌陌很邪惡,上面騙子跟黑道詐騙非常多 環境沒有約束，大家不要下載,1,9.1.7,0,0,2021-12-14T04:38:23-07:00,10
软件这个软件很良心,"好用,五星,值,神作，还不错吧,真好用有意思的一个哈哈哈哈哈哈哈",5,9.1.7,0,0,2021-12-14T03:05:18-07:00,10
下载用用看。听说很好呢,就喜欢这种风格的app。漂亮还实用,5,9.1.7,0,0,2021-12-14T02:58:46-07:00,10
不错不错期待！加油！,非常不错不错用。比同款软件简洁,5,9.1.7,0,0,2021-12-14T02:55:37-07:00,10
这个软件好好用,"很好用的一款,真好用好用的，经典不用还好,一用就上瘾了,值得推荐",5,9.1.7,0,0,2021-12-14T02:07:04-07:00,10
纯得应用软件，超精美得画面,很少写评价但是款App确实非常很好用的非常顺手而且推送非常及时 。运行稳定,5,9.1.7,0,0,2021-12-14T02:03:04-07:00,10
真好用,"很好用,很好的团队,很久之前就有用更新很频繁所以十分耐用，反正就是",5,9.1.7,0,0,2021-12-14T01:57:17-07:00,10
此应用下载火爆。请排队,很不错不错用。一直在用！！,5,9.1.7,0,0,2021-12-14T01:56:56-07:00,10
很好，非常好，超级好揖。、,非常 ！！非常 ！！非常的好！！Very ！！GOOD,5,9.1.7,0,0,2021-12-14T01:56:19-07:00,10
欺骗手段，直播内容,大家注意,1,9.1.7,0,0,2021-12-14T01:38:57-07:00,10
无法取消会员自动续费功能,每个版本都应该有会员自动续费功能。,5,9.1.7,0,0,2021-12-13T18:52:13-07:00,10
忘记密码无法申诉,真的是服了，忘记密码无法申诉，验证码输对了进不去，联系人工客服说是用户的问题，不解决就每天一个差评。,1,9.1.7,0,0,2021-12-13T18:47:25-07:00,10
